{
  "ABIRoot": {
    "kind": "Root",
    "name": "TopLevel",
    "printedName": "TopLevel",
    "children": [
      {
        "kind": "Import",
        "name": "Foundation",
        "printedName": "Foundation",
        "declKind": "Import",
        "moduleName": "TestingFramework",
        "declAttributes": [
          "RawDocComment"
        ]
      },
      {
        "kind": "Import",
        "name": "UIKit",
        "printedName": "UIKit",
        "declKind": "Import",
        "moduleName": "TestingFramework"
      },
      {
        "kind": "Function",
        "name": "setString",
        "printedName": "setString()",
        "children": [
          {
            "kind": "TypeNominal",
            "name": "String",
            "printedName": "Swift.String",
            "usr": "s:SS"
          }
        ],
        "declKind": "Func",
        "usr": "s:16TestingFramework9setStringSSyF",
        "mangledName": "$s16TestingFramework9setStringSSyF",
        "moduleName": "TestingFramework",
        "declAttributes": [
          "AccessControl"
        ],
        "funcSelfKind": "NonMutating"
      }
    ],
    "json_format_version": 8
  },
  "ConstValues": [
    {
      "filePath": "\/Users\/anand.bhavsar\/Desktop\/Anand\/TestingFramework\/TestingFramework\/ConstanantFile.swift",
      "kind": "StringLiteral",
      "offset": 185,
      "length": 13,
      "value": "\"Hello World\""
    }
  ]
}